ID,GROUP,VALUE,presses_pre,presses_post,presses_reacquisition,presses_change,habit_index,trainingPressingRate,trainingPressingRateExcludingLastRun
103,1,valued,3.79691377398075,4.26036288728905,4.02262199562872,0.463449113308307,0.800176787015933,3.48574256016615,3.30732783767537
103,1,devalued,3.53140079133314,3.19467311762551,2.25132524867157,-0.336727673707626,0.800176787015933,3.48574256016615,3.30732783767537
103,1,baseline,0,0,0,0,0.800176787015933,3.48574256016615,3.30732783767537
104,1,valued,3.74441643884336,4.28248017594119,3.72740609193663,0.538063737097834,0.295728531966918,3.79509900440859,3.58066111986158
104,1,devalued,4.27465733906783,4.51699254419874,3.45502695485571,0.242335205130916,0.295728531966918,3.79509900440859,3.58066111986158
104,1,baseline,0,0,0,0,0.295728531966918,3.79509900440859,3.58066111986158
106,1,valued,2.51349178619941,1.38428633828326,2.73355212027875,-1.12920544791615,0.0106135284540656,1.92422087627583,1.35516679091368
106,1,devalued,2.47305813707654,1.33323916070633,0.799409436370639,-1.13981897637022,0.0106135284540656,1.92422087627583,1.35516679091368
106,1,baseline,0,0,0,0,0.0106135284540656,1.92422087627583,1.35516679091368
107,1,valued,3.80232276453203,3.83890587670059,3.15586611670036,0.0365831121685565,1.24679677929625,3.57567744259611,3.43348574310372
107,1,devalued,3.63341551964496,2.42320185251727,2.63628611372434,-1.2102136671277,1.24679677929625,3.57567744259611,3.43348574310372
107,1,baseline,0,0,0,0,1.24679677929625,3.57567744259611,3.43348574310372
108,1,valued,3.74302493319977,4.36360346648455,4.51646617282099,0.620578533284783,0.134316089974799,3.73924323591919,3.55659353570642
108,1,devalued,4.10076093906414,4.58702338237412,4.64517944680151,0.486262443309984,0.134316089974799,3.73924323591919,3.55659353570642
108,1,baseline,0,0,0,0,0.134316089974799,3.73924323591919,3.55659353570642
110,1,valued,0.941797221304221,0.383521990609523,0.600235665425742,-0.558275230694698,-0.0622622737525851,1.08984674427064,1.33585025032911
110,1,devalued,0.745889255120109,0.249876298177996,0.467346273096388,-0.496012956942113,-0.0622622737525851,1.08984674427064,1.33585025032911
110,1,baseline,0,0,0,0,-0.0622622737525851,1.08984674427064,1.33585025032911
113,1,valued,4.42651079336852,4.92740821844656,4.47700006144115,0.500897425078039,0.219531728408498,4.23024419164393,4.00998993154742
113,1,devalued,4.47448611011238,4.75585180678192,4.5359876181578,0.281365696669541,0.219531728408498,4.23024419164393,4.00998993154742
113,1,baseline,0,0,0,0,0.219531728408498,4.23024419164393,4.00998993154742
114,1,valued,0.489418730122079,0.483432103148818,0.400088191337651,-0.0059866269732608,-0.0555854595748996,1.04817207143453,1.50150593881908
114,1,devalued,0.700257677977892,0.749856510579531,0.233455699543757,0.0495988326016388,-0.0555854595748996,1.04817207143453,1.50150593881908
114,1,baseline,0,0,0,0,-0.0555854595748996,1.04817207143453,1.50150593881908
115,1,valued,3.30214724926512,4.02770389072,3.86675097369264,0.725556641454886,-0.216615357265147,2.51413906155543,1.87527092382714
115,1,devalued,3.00386714930233,3.94603914802236,4.1207523417297,0.942171998720033,-0.216615357265147,2.51413906155543,1.87527092382714
115,1,baseline,0,0,0,0,-0.216615357265147,2.51413906155543,1.87527092382714
117,1,valued,1.46183405531597,1.63370367749694,1.53411092934394,0.17186962218097,0.266691045796094,1.28046559184938,1.15737591609736
117,1,devalued,1.34527647988683,1.2504550562717,1.38333654472751,-0.0948214236151246,0.266691045796094,1.28046559184938,1.15737591609736
117,1,baseline,0,0,0,0,0.266691045796094,1.28046559184938,1.15737591609736
118,1,valued,4.49523065795329,5.03358584214278,4.85635446697485,0.53835518418949,0.310239046300916,4.59002891104877,4.63412140184346
118,1,devalued,4.59664218255486,4.82475832044343,4.58329817006933,0.228116137888574,0.310239046300916,4.59002891104877,4.63412140184346
118,1,baseline,0,0,0,0,0.310239046300916,4.59002891104877,4.63412140184346
119,1,valued,3.46064230837174,3.4598368707751,3.63141321925639,-0.000805437596640868,2.29557461288722,3.2604491263652,3.01696500449527
119,1,devalued,3.54722418809854,1.25084413761469,1.58414212002523,-2.29638005048386,2.29557461288722,3.2604491263652,3.01696500449527
119,1,baseline,0,0,0,0,2.29557461288722,3.2604491263652,3.01696500449527
120,1,valued,3.81661138226053,4.49720392602643,4.2474207542728,0.680592543765893,2.42509062960734,3.52254298978289,3.33111819740831
120,1,devalued,3.61132418205439,1.86682609621294,3.93831764165528,-1.74449808584145,2.42509062960734,3.52254298978289,3.33111819740831
120,1,baseline,0,0,0,0,2.42509062960734,3.52254298978289,3.33111819740831
121,1,valued,3.21966409736997,3.7959722783387,3.7253705438149,0.576308180968732,0.019455208034719,2.77932128617025,2.42781555875992
121,1,devalued,3.04198992979122,3.59884290272523,3.37088003765938,0.556852972934013,0.019455208034719,2.77932128617025,2.42781555875992
121,1,baseline,0,0,0,0,0.019455208034719,2.77932128617025,2.42781555875992
122,1,valued,4.6332073392959,3.93507326260651,4.1226006172867,-0.698134076689392,-0.0751758628834129,4.36627638384336,4.10420002194331
122,1,devalued,4.62349815219091,4.00053993838493,1.74469635525014,-0.622958213805979,-0.0751758628834129,4.36627638384336,4.10420002194331
122,1,baseline,0,0,0,0,-0.0751758628834129,4.36627638384336,4.10420002194331
124,1,valued,4.47701788658586,4.52637448022329,3.96196897034933,0.0493565936374338,1.54863050326116,3.94050207731511,3.41420586500549
124,1,devalued,4.45657869266362,2.95730478303989,4.11392343665216,-1.49927390962373,1.54863050326116,3.94050207731511,3.41420586500549
124,1,baseline,0,0,0,0,1.54863050326116,3.94050207731511,3.41420586500549
126,1,valued,4.45440844375957,5.32603831131486,4.01804929020132,0.871629867555295,0.00368393603927775,4.54343832526074,4.76751919668378
126,1,devalued,4.18430646391585,5.05225239543186,3.70354002628588,0.867945931516017,0.00368393603927775,4.54343832526074,4.76751919668378
126,1,baseline,0,0,0,0,0.00368393603927775,4.54343832526074,4.76751919668378
127,1,valued,3.24003673569654,3.3949231086653,4.01630743556245,0.154886372968761,1.35014307816737,2.02098999029986,1.24865776480786
127,1,devalued,2.34660769588718,1.15135099068857,0.900236014935538,-1.19525670519861,1.35014307816737,2.02098999029986,1.24865776480786
127,1,baseline,0,0,0,0,1.35014307816737,2.02098999029986,1.24865776480786
128,1,valued,4.67849280170369,0.94575445058032,0,-3.73273835112337,1.23367709018292,4.65232989076405,4.48220566002311
128,1,devalued,4.9664154413063,0,0,-4.9664154413063,1.23367709018292,4.65232989076405,4.48220566002311
128,1,baseline,0,0,0,0,1.23367709018292,4.65232989076405,4.48220566002311
129,1,valued,3.2168530254635,3.85449155239154,3.34835853045864,0.63763852692804,-0.122673248651964,3.21307590160374,3.07634992874265
129,1,devalued,3.48275072346615,4.24306249904615,3.6932872710493,0.760311775580004,-0.122673248651964,3.21307590160374,3.07634992874265
129,1,baseline,0,0,0,0,-0.122673248651964,3.21307590160374,3.07634992874265
130,1,valued,3.56696835162312,3.76435787431452,3.72744554779162,0.1973895226914,0.480849315382779,3.59496391415289,3.52082175800233
130,1,devalued,3.77124378898377,3.48778399629239,3.80972615642782,-0.283459792691379,0.480849315382779,3.59496391415289,3.52082175800233
130,1,baseline,0,0,0,0,0.480849315382779,3.59496391415289,3.52082175800233
131,1,valued,2.35111499158396,2.74605130691253,2.8292482527953,0.394936315328573,2.59474944251423,2.12485458104256,1.91592462949266
131,1,devalued,2.31645407360097,0.116640946415316,1.07083638095249,-2.19981312718565,2.59474944251423,2.12485458104256,1.91592462949266
131,1,baseline,0,0,0,0,2.59474944251423,2.12485458104256,1.91592462949266
133,1,valued,1.58248433647675,1.68346731898449,1.71047998974272,0.100982982507741,1.05989897880822,1.2760888983149,0.856374029060363
133,1,devalued,1.80912319866214,0.850207202361669,1.74210858770582,-0.958915996300474,1.05989897880822,1.2760888983149,0.856374029060363
133,1,baseline,0,0,0,0,1.05989897880822,1.2760888983149,0.856374029060363
135,1,valued,5.39953499260483,6.31816415674767,6.59316177859856,0.918629164142835,1.45239391642805,5.1375344244189,4.84236478167321
135,1,devalued,5.46587314172434,4.93210838943912,4.88582419921123,-0.533764752285219,1.45239391642805,5.1375344244189,4.84236478167321
135,1,baseline,0,0,0,0,1.45239391642805,5.1375344244189,4.84236478167321
137,1,valued,4.8702217407596,4.34460732322084,3.33063562163139,-0.525614417538756,1.43029744582878,4.38880824211062,3.99205813681909
137,1,devalued,4.70089495404469,2.74498309067716,0.483191588952454,-1.95591186336753,1.43029744582878,4.38880824211062,3.99205813681909
137,1,baseline,0,0,0,0,1.43029744582878,4.38880824211062,3.99205813681909
138,1,valued,1.31207236194918,4.1318916438741,4.31589221504943,2.81981928192492,0.44790503468301,2.25823794254891,3.14789998654579
138,1,devalued,1.42507943515487,3.79699368239678,0.833603399315266,2.37191424724191,0.44790503468301,2.25823794254891,3.14789998654579
138,1,baseline,0,0,0,0,0.44790503468301,2.25823794254891,3.14789998654579
139,1,valued,3.36412448173333,2.5342618269032,2.7056130229822,-0.829862654830126,1.51759390497157,3.57136008189774,3.70341099711944
139,1,devalued,3.51449385161876,1.16703729181706,0.341291998876824,-2.34745655980169,1.51759390497157,3.57136008189774,3.70341099711944
139,1,baseline,0,0,0,0,1.51759390497157,3.57136008189774,3.70341099711944
140,1,valued,5.18958869602308,4.04428481139945,2.89100468179893,-1.14530388462363,2.79318145610995,4.95924556574152,4.73789119841004
140,1,devalued,5.17161117012291,1.23312582938933,0.116823972160397,-3.93848534073358,2.79318145610995,4.95924556574152,4.73789119841004
140,1,baseline,0,0,0,0,2.79318145610995,4.95924556574152,4.73789119841004
141,1,valued,4.81893785777452,4.84364015479888,4.74327123686344,0.0247022970243655,0.0258875859134404,4.41246138443616,4.07458219383644
141,1,devalued,4.68174329229726,4.68055800340819,4.4744522420629,-0.00118528888907488,0.0258875859134404,4.41246138443616,4.07458219383644
141,1,baseline,0,0,0,0,0.0258875859134404,4.41246138443616,4.07458219383644
142,1,valued,4.15568442041036,4.36058695657718,4.13098482856647,0.204902536166824,0.0682687703724234,4.0558202412232,3.88944316648234
142,1,devalued,4.28871021151775,4.42534397731215,4.15188640000636,0.1366337657944,0.0682687703724234,4.0558202412232,3.88944316648234
142,1,baseline,0,0,0,0,0.0682687703724234,4.0558202412232,3.88944316648234
143,1,valued,3.73765318881214,3.32490780665498,3.29621735977854,-0.412745382157155,0.0466300063521952,3.40032740380037,2.98827359035363
143,1,devalued,3.8871092456821,3.42773385717275,0.98314234799794,-0.45937538850935,0.0466300063521952,3.40032740380037,2.98827359035363
143,1,baseline,0,0,0,0,0.0466300063521952,3.40032740380037,2.98827359035363
144,1,valued,4.29790874266483,4.38557523664301,3.96619266577532,0.087666493978185,0.710880238106687,4.36114307591118,4.30727780044213
144,1,devalued,4.53210796009561,3.90889421596711,2.28112300336581,-0.623213744128502,0.710880238106687,4.36114307591118,4.30727780044213
144,1,baseline,0,0,0,0,0.710880238106687,4.36114307591118,4.30727780044213
145,1,valued,3.40396469153261,5.01897215525341,4.05047968979771,1.6150074637208,3.5345934311015,3.24704912341329,3.34087987782858
145,1,devalued,2.90247204646339,0.982886079082689,0.36655955616821,-1.9195859673807,3.5345934311015,3.24704912341329,3.34087987782858
145,1,baseline,0,0,0,0,3.5345934311015,3.24704912341329,3.34087987782858
146,1,valued,2.93038489501264,3.61488064065572,3.49590246457629,0.684495745643084,0.0579469712193155,2.912190706739,2.89935809354266
146,1,devalued,2.91966174485802,3.54621051928179,3.17922787403517,0.626548774423769,0.0579469712193155,2.912190706739,2.89935809354266
146,1,baseline,0,0,0,0,0.0579469712193155,2.912190706739,2.89935809354266
147,1,valued,2.23532869498288,0.749664813090104,1.2487016863692,-1.48566388189278,-0.149831509162297,1.96871828146493,1.85995526825205
147,1,devalued,1.91963389437271,0.583801521642232,0.550308459487311,-1.33583237273048,-0.149831509162297,1.96871828146493,1.85995526825205
147,1,baseline,0,0,0,0,-0.149831509162297,1.96871828146493,1.85995526825205
148,1,valued,4.27161791046993,4.48492069970685,4.22732111745148,0.213302789236915,-0.178965451430634,4.20930277240745,4.0943924110023
148,1,devalued,4.37680835715527,4.76907659782282,4.39047549643752,0.392268240667549,-0.178965451430634,4.20930277240745,4.0943924110023
148,1,baseline,0,0,0,0,-0.178965451430634,4.20930277240745,4.0943924110023
149,1,valued,2.25945969964917,2.01711297960418,2.55271238905053,-0.242346720044985,0.139187683731238,1.55743359633865,0.910483457909248
149,1,devalued,2.14930776988692,1.7677733661107,1.94813990984835,-0.381534403776223,0.139187683731238,1.55743359633865,0.910483457909248
149,1,baseline,0,0,0,0,0.139187683731238,1.55743359633865,0.910483457909248
150,1,valued,1.88305324697597,1.90946545273752,2.01321971600267,0.0264122057615452,0.0509864472158832,1.75865610052527,1.63898108145777
150,1,devalued,1.87360899220958,1.84903475075525,1.90551408549971,-0.024574241454338,0.0509864472158832,1.75865610052527,1.63898108145777
150,1,baseline,0,0,0,0,0.0509864472158832,1.75865610052527,1.63898108145777
151,1,valued,3.02354784412677,3.26092207825667,3.1335900628537,0.237374234129903,3.39772471343304,2.56167592054953,2.02306768351581
151,1,devalued,3.1770204710397,0.0166699917365668,0,-3.16035047930313,3.39772471343304,2.56167592054953,2.02306768351581
151,1,baseline,0,0,0,0,3.39772471343304,2.56167592054953,2.02306768351581
152,1,valued,3.32549172704671,3.8243101166073,3.95671689421303,0.498818389560589,0.0584133882643556,2.99701711644491,2.75514193558157
152,1,devalued,3.15229286756981,3.59269786886604,3.57432568043518,0.440405001296234,0.0584133882643556,2.99701711644491,2.75514193558157
152,1,baseline,0,0,0,0,0.0584133882643556,2.99701711644491,2.75514193558157
153,1,valued,4.21283510366328,4.36910725867423,4.32781917,0.15627215501095,0.208914775920519,4.01102650714638,3.83070007901651
153,1,devalued,4.16987076688924,4.11722814597967,2.58966357272039,-0.0526426209095687,0.208914775920519,4.01102650714638,3.83070007901651
153,1,baseline,0,0,0,0,0.208914775920519,4.01102650714638,3.83070007901651
154,1,valued,2.01271817365871,0.133288378909349,0.0500274232539411,-1.87942979474936,-0.286691466598599,1.47646271263228,1.12518091869447
154,1,devalued,1.64277083948147,0.0500325113307049,0.0499864694630162,-1.59273832815076,-0.286691466598599,1.47646271263228,1.12518091869447
154,1,baseline,0,0,0,0,-0.286691466598599,1.47646271263228,1.12518091869447
155,1,valued,4.15519014355328,4.11774885371467,4.03764773004528,-0.0374412898386129,-0.0856236404456965,3.20365859524919,2.31967771973588
155,1,devalued,4.02008879797172,4.0682711485788,4.24552759798843,0.0481823506070835,-0.0856236404456965,3.20365859524919,2.31967771973588
155,1,baseline,0,0,0,0,-0.0856236404456965,3.20365859524919,2.31967771973588
156,1,valued,3.47423617791314,1.37172459741573,4.75336713582643,-2.10251158049742,0.353084967668594,3.5687982856933,3.40878187363015
156,1,devalued,3.98339321759978,1.52779666943377,3.95257808852122,-2.45559654816601,0.353084967668594,3.5687982856933,3.40878187363015
156,1,baseline,0,0,0,0,0.353084967668594,3.5687982856933,3.40878187363015
157,1,valued,3.87755090050227,4.71408037051569,4.78092724785834,0.836529470013418,0.673483665343194,3.78134874611187,3.67881462660416
157,1,devalued,3.89021483073691,4.05326063540713,3.50289506549307,0.163045804670225,0.673483665343194,3.78134874611187,3.67881462660416
157,1,baseline,0,0,0,0,0.673483665343194,3.78134874611187,3.67881462660416
158,1,valued,3.71239040602738,4.66197424381208,4.68291861429095,0.949583837784697,1.30477376313149,3.58728075363948,3.45405680481278
158,1,devalued,3.72861899890499,3.3734290735582,3.2018323143434,-0.355189925346795,1.30477376313149,3.58728075363948,3.45405680481278
158,1,baseline,0,0,0,0,1.30477376313149,3.58728075363948,3.45405680481278
159,1,valued,4.04185744732764,4.88919825738854,4.69948780798564,0.847340810060899,4.94046883019631,4.15608284400561,4.13624875917724
159,1,devalued,4.30997641034032,0.216848390204911,1.33535941474983,-4.09312802013541,4.94046883019631,4.15608284400561,4.13624875917724
159,1,baseline,0,0,0,0,4.94046883019631,4.15608284400561,4.13624875917724
160,1,valued,4.68014001559669,5.50891271125362,5.18990929834957,0.828772695656928,0.217655912600505,4.54052822168258,4.3461770387295
160,1,devalued,4.78961879367462,5.40073557673104,5.20286830130907,0.611116783056423,0.217655912600505,4.54052822168258,4.3461770387295
160,1,baseline,0,0,0,0,0.217655912600505,4.54052822168258,4.3461770387295
161,1,valued,3.70382934766157,3.88142682596583,3.43761968344808,0.177597478304253,1.27565998732643,3.73084695168884,3.63376548258809
161,1,devalued,3.9520274939176,2.85396498489543,3.1022465343968,-1.09806250902217,1.27565998732643,3.73084695168884,3.63376548258809
161,1,baseline,0,0,0,0,1.27565998732643,3.73084695168884,3.63376548258809
162,1,valued,2.0577379060895,2.87976725105685,1.20067922207136,0.822029344967349,-0.234755487247626,2.60669081458725,2.95697555953463
162,1,devalued,2.45507423319022,3.5118590654052,1.33214985047817,1.05678483221497,-0.234755487247626,2.60669081458725,2.95697555953463
162,1,baseline,0,0,0,0,-0.234755487247626,2.60669081458725,2.95697555953463
163,1,valued,1.43853897724748,3.70121249255357,3.83815183176607,2.26267351530609,3.93469488635957,2.48201738724961,2.52518209428911
163,1,devalued,3.43916638317274,1.76714501211926,0,-1.67202137105348,3.93469488635957,2.48201738724961,2.52518209428911
163,1,baseline,0,0,0,0,3.93469488635957,2.48201738724961,2.52518209428911
164,1,valued,3.96089440967692,4.16803221907362,4.31860520748048,0.207137809396694,0.0472896961159175,3.86794778929125,3.69900315464958
164,1,devalued,4.11289043818892,4.27273855146969,4.2332519955312,0.159848113280777,0.0472896961159175,3.86794778929125,3.69900315464958
164,1,baseline,0,0,0,0,0.0472896961159175,3.86794778929125,3.69900315464958
166,1,valued,3.2303314862297,3.73052257109806,3.16002110095425,0.500191084868357,0.357268639978079,3.20433118785616,3.06544945881421
166,1,devalued,3.45609434756652,3.5990167924568,3.4606893062226,0.142922444890278,0.357268639978079,3.20433118785616,3.06544945881421
166,1,baseline,0,0,0,0,0.357268639978079,3.20433118785616,3.06544945881421
167,1,valued,3.45763450701984,2.76506548601923,2.8164301138831,-0.692569021000611,-0.216266796813521,3.37980307220043,3.21312641818932
167,1,devalued,3.63532494540325,3.15902272121616,2.16060589491585,-0.476302224187091,-0.216266796813521,3.37980307220043,3.21312641818932
167,1,baseline,0,0,0,0,-0.216266796813521,3.37980307220043,3.21312641818932
168,1,valued,2.43312098491473,3.24098867379453,2.04348934883756,0.807867688879797,2.08438241325235,2.80944654285462,3.23764603134019
168,1,devalued,2.32937312382337,1.05285839945082,0.708291920484482,-1.27651472437255,2.08438241325235,2.80944654285462,3.23764603134019
168,1,baseline,0,0,0,0,2.08438241325235,2.80944654285462,3.23764603134019
169,1,valued,3.49254951911648,3.08062297423268,3.14283658148559,-0.411926544883803,0.903076999105764,3.21731209229989,3.13194910007526
169,1,devalued,3.11280064993256,1.79779710594299,1.8794369568296,-1.31500354398957,0.903076999105764,3.21731209229989,3.13194910007526
169,1,baseline,0,0,0,0,0.903076999105764,3.21731209229989,3.13194910007526
170,1,valued,5.0174007740311,4.14045668592286,3.821242095058,-0.876944088108231,-1.40638565068089,4.66374976389428,4.80539155577889
170,1,devalued,4.02681516998823,4.55625673256089,3.36010837681752,0.529441562572661,-1.40638565068089,4.66374976389428,4.80539155577889
170,1,baseline,0,0,0,0,-1.40638565068089,4.66374976389428,4.80539155577889
171,1,valued,4.53294686295143,4.65282497525027,4.84259814786317,0.119878112298843,0.848415720249757,4.09816060605879,3.6824098959577
171,1,devalued,4.49487576936831,3.7663381614174,3.60868549091098,-0.728537607950914,0.848415720249757,4.09816060605879,3.6824098959577
171,1,baseline,0,0,0,0,0.848415720249757,4.09816060605879,3.6824098959577
172,1,valued,1.34866947993058,1.99514095445404,1.78117622699577,0.646471474523463,0.230872765076042,1.19903812449896,1.00681734877574
172,1,devalued,1.43384832051378,1.8494470299612,1.81916540793795,0.415598709447421,0.230872765076042,1.19903812449896,1.00681734877574
172,1,baseline,0,0,0,0,0.230872765076042,1.19903812449896,1.00681734877574
174,1,valued,4.20790029195506,4.76790963463806,4.7806629709892,0.560009342682999,1.18838616741797,4.13659109455235,3.97161755908329
174,1,devalued,4.39522896808776,3.76685214335279,2.21844283648449,-0.628376824734972,1.18838616741797,4.13659109455235,3.97161755908329
174,1,baseline,0,0,0,0,1.18838616741797,4.13659109455235,3.97161755908329
175,1,valued,2.20164320406473,3.17824038562093,3.23828356726672,0.976597181556208,0.719780376678987,2.42959042074322,2.10820348502219
175,1,devalued,3.30031150886378,3.557128313741,3.30915467600573,0.256816804877221,0.719780376678987,2.42959042074322,2.10820348502219
175,1,baseline,0,0,0,0,0.719780376678987,2.42959042074322,2.10820348502219
204,3,valued,5.2189746720797,5.3335927400171,4.87481971790141,0.114618067937405,-0.0274320497315657,4.48364108091721,4.33171659651311
204,3,devalued,4.93688118642098,5.07893130408995,5.06422039116451,0.142050117668971,-0.0274320497315657,4.48364108091721,4.33171659651311
204,3,baseline,0,0,0,0,-0.0274320497315657,4.48364108091721,4.33171659651311
205,3,valued,4.46179207526048,4.31422070654026,4.23108102045524,-0.147571368720222,-0.189610488573645,4.12610417185256,4.05197623854409
205,3,devalued,4.38960214823416,4.43164126808758,4.55019552693467,0.0420391198534231,-0.189610488573645,4.12610417185256,4.05197623854409
205,3,baseline,0,0,0,0,-0.189610488573645,4.12610417185256,4.05197623854409
207,3,valued,4.85537108364581,4.81387533419094,4.78051848634532,-0.04149574945487,0.0293851150056073,4.45581149858055,4.38355658466612
207,3,devalued,4.74937704150191,4.67849617704143,4.32462395762061,-0.0708808644604773,0.0293851150056073,4.45581149858055,4.38355658466612
207,3,baseline,0,0,0,0,0.0293851150056073,4.45581149858055,4.38355658466612
208,3,valued,4.69572093394778,4.7974362453684,4.6284534585427,0.10171531142062,4.4968193860319,4.6179115820673,4.54996470566809
208,3,devalued,4.69532772316398,0.3002236485527,0,-4.39510407461128,4.4968193860319,4.6179115820673,4.54996470566809
208,3,baseline,0,0,0,0,4.4968193860319,4.6179115820673,4.54996470566809
209,3,valued,4.41253878433253,4.92940267489769,4.46336359426455,0.516863890565158,0.398031145760534,4.52944373500616,4.49492428681752
209,3,devalued,4.86008938527236,4.97892213007698,4.72048359365055,0.118832744804624,0.398031145760534,4.52944373500616,4.49492428681752
209,3,baseline,0,0,0,0,0.398031145760534,4.52944373500616,4.49492428681752
210,3,valued,3.98989440002308,3.72824328738915,3.92096424130583,-0.261651112633931,0.0349744366895117,3.69351325252515,3.64604719974038
210,3,devalued,3.85019974553951,3.55357419621606,3.8671483670778,-0.296625549323442,0.0349744366895117,3.69351325252515,3.64604719974038
210,3,baseline,0,0,0,0,0.0349744366895117,3.69351325252515,3.64604719974038
211,3,valued,5.35642841186939,3.78076570660239,5.51524662469493,-1.575662705267,0.125548294744626,4.38988432209583,4.23961021156219
211,3,devalued,5.24838972279491,3.54717872278328,0.367234594103445,-1.70121100001163,0.125548294744626,4.38988432209583,4.23961021156219
211,3,baseline,0,0,0,0,0.125548294744626,4.38988432209583,4.23961021156219
212,3,valued,3.7155230841801,2.70086587834051,2.69290916349702,-1.01465720583959,-0.547345900646639,3.83754696029183,3.85444894854653
212,3,devalued,3.63653545375745,3.1692241485645,0,-0.467311305192953,-0.547345900646639,3.83754696029183,3.85444894854653
212,3,baseline,0,0,0,0,-0.547345900646639,3.83754696029183,3.85444894854653
214,3,valued,5.02989733156199,5.25451726973326,5.64625364691258,0.224619938171275,4.26885192403887,4.78172316576763,4.74586637440214
214,3,devalued,5.12640868714417,1.08217670127658,0.216921227850408,-4.04423198586759,4.26885192403887,4.78172316576763,4.74586637440214
214,3,baseline,0,0,0,0,4.26885192403887,4.78172316576763,4.74586637440214
215,3,valued,5.27837059678631,4.0656303626,3.9184749883067,-1.21274023418632,0.23904315282575,4.59429619668568,4.49940469858096
215,3,devalued,5.05996411151593,3.60818072450386,2.7979109739248,-1.45178338701207,0.23904315282575,4.59429619668568,4.49940469858096
215,3,baseline,0,0,0,0,0.23904315282575,4.59429619668568,4.49940469858096
217,3,valued,4.72635679853443,4.80211009561998,0,0.0757532970855435,0.99800560954521,4.31924135872538,4.27739334484991
217,3,devalued,4.70070391480874,3.77845160234907,0,-0.922252312459667,0.99800560954521,4.31924135872538,4.27739334484991
217,3,baseline,0,0,0,0,0.99800560954521,4.31924135872538,4.27739334484991
218,3,valued,1.71264867047394,0.766907755829208,0.86746709966142,-0.945740914644736,-0.249728445246295,1.26500560059711,1.31234768057553
218,3,devalued,1.56290073249825,0.866888263099807,0.649777285816398,-0.696012469398441,-0.249728445246295,1.26500560059711,1.31234768057553
218,3,baseline,0,0,0,0,-0.249728445246295,1.26500560059711,1.31234768057553
220,3,valued,4.53221250959866,3.65823836841765,3.61946157252073,-0.873974141181007,2.51148136575802,4.36719945496523,4.27857435656185
220,3,devalued,4.41905615539333,1.0336006484543,0.0828701726092132,-3.38545550693903,2.51148136575802,4.36719945496523,4.27857435656185
220,3,baseline,0,0,0,0,2.51148136575802,4.36719945496523,4.27857435656185
221,3,valued,1.98024804907438,0,0,-1.98024804907438,-0.112386877952717,2.80199592689874,2.80767972697991
221,3,devalued,1.86786117112166,0,0,-1.86786117112166,-0.112386877952717,2.80199592689874,2.80767972697991
221,3,baseline,0,0,0,0,-0.112386877952717,2.80199592689874,2.80767972697991
223,3,valued,4.11786494791499,3.70673444239745,3.92178141138849,-0.411130505517534,1.87019754482782,3.6646449252604,3.59737497645313
223,3,devalued,4.20126321409392,1.91993516374856,0.100114982548028,-2.28132805034536,1.87019754482782,3.6646449252604,3.59737497645313
223,3,baseline,0,0,0,0,1.87019754482782,3.6646449252604,3.59737497645313
224,3,valued,4.6768276921401,4.17869539612492,3.71615670588775,-0.498132296015178,3.92297313915349,3.6584039924322,3.50398024058688
224,3,devalued,4.53792347286856,0.116818037699899,0,-4.42110543516866,3.92297313915349,3.6584039924322,3.50398024058688
224,3,baseline,0,0,0,0,3.92297313915349,3.6584039924322,3.50398024058688
225,3,valued,3.55723457652699,3.34632560444966,3.03731191759902,-0.210908972077323,2.61083783361137,2.4159154799726,2.290918601814
225,3,devalued,3.33800250500537,0.516255699316674,0.0835181737100543,-2.82174680568869,2.61083783361137,2.4159154799726,2.290918601814
225,3,baseline,0,0,0,0,2.61083783361137,2.4159154799726,2.290918601814
227,3,valued,3.21944238743024,3.16628351739309,2.72971592517333,-0.0531588700371444,2.68544383447117,2.64656708677695,2.55124059313589
227,3,devalued,3.52185529955924,0.783252595050926,0.599928803674917,-2.73860270450831,2.68544383447117,2.64656708677695,2.55124059313589
227,3,baseline,0,0,0,0,2.68544383447117,2.64656708677695,2.55124059313589
229,3,valued,4.71079089004015,2.45516846542965,3.34583020060097,-2.2556224246105,0.145185433563948,4.61709492783098,4.54293023097493
229,3,devalued,5.13341651601698,2.73260865784253,3.24481394984605,-2.40080785817445,0.145185433563948,4.61709492783098,4.54293023097493
229,3,baseline,0,0,0,0,0.145185433563948,4.61709492783098,4.54293023097493
230,3,valued,4.40866043916796,4.28510047761,4.36035095451763,-0.123559961557959,0.445171747930405,4.5180912451039,4.4775925030395
230,3,devalued,4.75055915502103,4.18182744553267,3.42986524988496,-0.568731709488364,0.445171747930405,4.5180912451039,4.4775925030395
230,3,baseline,0,0,0,0,0.445171747930405,4.5180912451039,4.4775925030395
232,3,valued,4.99189643395465,3.53151068789078,3.21398213164669,-1.46038574606387,-0.366331652032971,4.66224671858673,4.616462869107
232,3,devalued,4.814826508335,3.7207724143041,3.01459833345037,-1.0940540940309,-0.366331652032971,4.66224671858673,4.616462869107
232,3,baseline,0,0,0,0,-0.366331652032971,4.66224671858673,4.616462869107
234,3,valued,4.26078162790322,3.49292489670023,3.43595203795739,-0.767856731202986,3.2831390481571,3.6996035458073,3.96870009826642
234,3,devalued,4.16780205410639,0.116806274746306,0.0502388161028474,-4.05099577936008,3.2831390481571,3.6996035458073,3.96870009826642
234,3,baseline,0,0,0,0,3.2831390481571,3.6996035458073,3.96870009826642
235,3,valued,5.1752080267817,4.23687570197896,3.84224918610055,-0.938332324802735,1.61025427692058,5.03904530485092,4.99588026928414
235,3,devalued,5.20623175328886,2.65764515156555,2.3786057364947,-2.54858660172331,1.61025427692058,5.03904530485092,4.99588026928414
235,3,baseline,0,0,0,0,1.61025427692058,5.03904530485092,4.99588026928414
238,3,valued,4.30704672078931,1.38481265553166,1.41734584748804,-2.92223406525765,1.23707083917859,3.73906648491518,3.71476112620213
238,3,devalued,4.15930490443623,0,0,-4.15930490443623,1.23707083917859,3.73906648491518,3.71476112620213
238,3,baseline,0,0,0,0,1.23707083917859,3.73906648491518,3.71476112620213
239,3,valued,4.01986933921345,4.23546069197862,4.282584696925,0.215591352765171,0.198187859850125,4.18430688618502,4.17239455615639
239,3,devalued,4.1952050919032,4.21260858481825,4.38205214268605,0.0174034929150455,0.198187859850125,4.18430688618502,4.17239455615639
239,3,baseline,0,0,0,0,0.198187859850125,4.18430688618502,4.17239455615639
240,3,valued,4.19541781514084,1.79531924473716,0.794372945355184,-2.40009857040368,-0.358437233740584,3.73931435250998,3.6496557316223
240,3,devalued,4.22260089361846,2.18093955695536,1.36015191932297,-2.0416613366631,-0.358437233740584,3.73931435250998,3.6496557316223
240,3,baseline,0,0,0,0,-0.358437233740584,3.73931435250998,3.6496557316223
241,3,valued,4.5318610258292,3.63533529694446,3.90043132666815,-0.896525728884737,0.581609008903333,3.83627077455086,3.75684699210474
241,3,devalued,4.19384357461821,2.71570883683014,2.87500175386895,-1.47813473778807,0.581609008903333,3.83627077455086,3.75684699210474
241,3,baseline,0,0,0,0,0.581609008903333,3.83627077455086,3.75684699210474
242,3,valued,5.62614820907599,5.50771882815124,4.9635980438579,-0.118429380924752,1.03899859464342,5.26024283872902,5.22021073029501
242,3,devalued,6.07189296938047,4.9144649938123,4.95487989973157,-1.15742797556817,1.03899859464342,5.26024283872902,5.22021073029501
242,3,baseline,0,0,0,0,1.03899859464342,5.26024283872902,5.22021073029501
243,3,valued,4.68362285296045,1.71734942221331,3.07519057815904,-2.96627343074713,-0.489965383824264,4.34879992878438,4.32313051410341
243,3,devalued,4.77742621608151,2.30111816915864,0.367323570708547,-2.47630804692287,-0.489965383824264,4.34879992878438,4.32313051410341
243,3,baseline,0,0,0,0,-0.489965383824264,4.34879992878438,4.32313051410341
245,3,valued,2.12234538162018,2.46852909642945,2.33373562990364,0.346183714809269,0.147097165314574,1.96641566692216,1.94891582821027
245,3,devalued,2.21797722839162,2.41706377788632,2.31792294226035,0.199086549494696,0.147097165314574,1.96641566692216,1.94891582821027
245,3,baseline,0,0,0,0,0.147097165314574,1.96641566692216,1.94891582821027
247,3,valued,4.06975989826071,4.2327632587713,4.52596396402422,0.163003360510593,0.431371485386206,3.71198101091001,3.69931831196903
247,3,devalued,4.23287166999717,3.96450354512156,3.04596483224906,-0.268368124875613,0.431371485386206,3.71198101091001,3.69931831196903
247,3,baseline,0,0,0,0,0.431371485386206,3.71198101091001,3.69931831196903
248,3,valued,0.141674151361748,0.0667021706981266,0.050023230736044,-0.0749719806636209,-0.0624444912922841,0.968336394713452,1.24434363080581
248,3,devalued,0.0791820253436122,0.0666545359722754,0.0666414418805655,-0.0125274893713368,-0.0624444912922841,0.968336394713452,1.24434363080581
248,3,baseline,0,0,0,0,-0.0624444912922841,0.968336394713452,1.24434363080581
249,3,valued,4.78671446613612,5.03413174411628,4.64795746705074,0.247417277980153,-0.133420655315858,4.63701696820487,4.58889854094768
249,3,devalued,4.6793300539132,5.06016798720921,4.49687769158201,0.380837933296011,-0.133420655315858,4.63701696820487,4.58889854094768
249,3,baseline,0,0,0,0,-0.133420655315858,4.63701696820487,4.58889854094768
251,3,valued,5.66959483230844,2.69859530445515,4.09665336576655,-2.97099952785329,-0.202225451467901,5.4133549758838,5.33172410438886
251,3,devalued,5.67243438207492,2.90366030568953,0.150092642791525,-2.76877407638538,-0.202225451467901,5.4133549758838,5.33172410438886
251,3,baseline,0,0,0,0,-0.202225451467901,5.4133549758838,5.33172410438886
252,3,valued,4.88755037406816,5.21796104158722,4.7459990103358,0.330410667519067,0.104320479003146,4.67092511137867,4.57908904545061
252,3,devalued,5.16531659155316,5.39140678006908,4.88122735283669,0.226090188515921,0.104320479003146,4.67092511137867,4.57908904545061
252,3,baseline,0,0,0,0,0.104320479003146,4.67092511137867,4.57908904545061
254,3,valued,3.14292663270711,3.96843664933418,3.45157272386295,0.825510016627067,0.325189667523026,3.38807685903924,3.38295464724951
254,3,devalued,3.22667634969457,3.72699669879861,3.2911358173459,0.500320349104041,0.325189667523026,3.38807685903924,3.38295464724951
254,3,baseline,0,0,0,0,0.325189667523026,3.38807685903924,3.38295464724951
255,3,valued,3.18013687678862,2.9692570418557,2.37698724023223,-0.210879834932916,1.24969070983307,4.08319776716774,4.05664528475456
255,3,devalued,3.90615804139476,2.44558749662878,1.59941359859419,-1.46057054476598,1.24969070983307,4.08319776716774,4.05664528475456
255,3,baseline,0,0,0,0,1.24969070983307,4.08319776716774,4.05664528475456
257,3,valued,4.87325258032279,5.0800408840283,4.98359239608694,0.206788303705512,-0.215890709445859,4.63687444938417,4.58878328136021
257,3,devalued,4.69481511228527,5.11749412543665,4.77798876812664,0.422679013151371,-0.215890709445859,4.63687444938417,4.58878328136021
257,3,baseline,0,0,0,0,-0.215890709445859,4.63687444938417,4.58878328136021
258,3,valued,3.79291074780302,3.16947309920006,2.52490643743897,-0.623437648602958,0.00380464130810276,3.39047028292615,3.32678341872224
258,3,devalued,3.70720321800885,3.07996092809779,2.36643050316638,-0.627242289911061,0.00380464130810276,3.39047028292615,3.32678341872224
258,3,baseline,0,0,0,0,0.00380464130810276,3.39047028292615,3.32678341872224
259,3,valued,4.7968406407205,5.3553828505469,4.49956432009312,0.558542209826401,0.780005429901753,4.25198666052221,4.13335534975257
259,3,devalued,5.0080555955096,4.78659237543425,4.37504893070107,-0.221463220075353,0.780005429901753,4.25198666052221,4.13335534975257
259,3,baseline,0,0,0,0,0.780005429901753,4.25198666052221,4.13335534975257
260,3,valued,4.13467325258679,5.09665767387039,4.49546917100409,0.961984421283599,0.0675073236726469,4.08610113214048,4.08662314772993
260,3,devalued,4.16911739180395,5.0635944894149,5.21752454419577,0.894477097610952,0.0675073236726469,4.08610113214048,4.08662314772993
260,3,baseline,0,0,0,0,0.0675073236726469,4.08610113214048,4.08662314772993
261,3,valued,4.56401823816438,4.55206037004768,4.25811875338616,-0.0119578681166939,0.339370361356687,4.05592780134874,4.00743235211954
261,3,devalued,4.4826098416633,4.13128161218992,3.0440997864114,-0.351328229473381,0.339370361356687,4.05592780134874,4.00743235211954
261,3,baseline,0,0,0,0,0.339370361356687,4.05592780134874,4.00743235211954
262,3,valued,4.02618177044307,4.33760656150669,3.66417083109167,0.311424791063622,-0.0668552202242552,4.09126584086327,4.11820610457715
262,3,devalued,4.20918047298651,4.58746048427439,4.30559023559514,0.378280011287877,-0.0668552202242552,4.09126584086327,4.11820610457715
262,3,baseline,0,0,0,0,-0.0668552202242552,4.09126584086327,4.11820610457715
263,3,valued,4.48583925004719,4.33982226689662,4.29839832280248,-0.146016983150569,-0.338069446518982,4.28260687041854,4.28258642536428
263,3,devalued,4.42111594871751,4.61316841208593,4.73433978353914,0.192052463368412,-0.338069446518982,4.28260687041854,4.28258642536428
263,3,baseline,0,0,0,0,-0.338069446518982,4.28260687041854,4.28258642536428
264,3,valued,4.01721017049971,4.21725230284208,3.79062043450463,0.200042132342375,-0.0273997420202208,3.57865046234113,3.51600505704449
264,3,devalued,3.84849781827927,4.07593969264187,3.92415409985358,0.227441874362596,-0.0273997420202208,3.57865046234113,3.51600505704449
264,3,baseline,0,0,0,0,-0.0273997420202208,3.57865046234113,3.51600505704449
265,3,valued,5.07911524332514,5.48543013945538,5.32955599738129,0.406314896130239,-0.130725400762592,4.71759960545781,4.67443947452363
265,3,devalued,5.10379610204738,5.64083639894021,5.06079009121467,0.537040296892831,-0.130725400762592,4.71759960545781,4.67443947452363
265,3,baseline,0,0,0,0,-0.130725400762592,4.71759960545781,4.67443947452363
267,3,valued,4.28722014269909,4.33901904166537,4.71288719586829,0.051798898966279,4.26545572625089,4.22184739917581,4.18324826942183
267,3,devalued,4.23036483883226,0.0167080115476511,0,-4.21365682728461,4.26545572625089,4.22184739917581,4.18324826942183
267,3,baseline,0,0,0,0,4.26545572625089,4.22184739917581,4.18324826942183
268,3,valued,0,0.983009389303732,1.35092435973516,0.983009389303732,0.983009389303732,0.430647599142491,0.556848785680626
268,3,devalued,0,0,0,0,0.983009389303732,0.430647599142491,0.556848785680626
268,3,baseline,0,0,0,0,0.983009389303732,0.430647599142491,0.556848785680626
269,3,valued,4.93518181713163,4.90690048556507,4.48474172985724,-0.028281331566558,-1.47740906242156,4.71116361968198,4.69911266168772
269,3,devalued,3.80011652111058,5.24924425196559,5.0799317553479,1.449127730855,-1.47740906242156,4.71116361968198,4.69911266168772
269,3,baseline,0,0,0,0,-1.47740906242156,4.71116361968198,4.69911266168772
270,3,valued,3.66581829371618,1.68731269439596,1.63429716028144,-1.97850559932022,-0.0628894062776766,3.08784223315792,3.03358768617034
270,3,devalued,3.69715988494142,1.78154369189887,1.71728925121232,-1.91561619304255,-0.0628894062776766,3.08784223315792,3.03358768617034
270,3,baseline,0,0,0,0,-0.0628894062776766,3.08784223315792,3.03358768617034
271,3,valued,5.27192372738939,4.36027557190016,4.10479787072752,-0.911648155489229,0.274304090007539,4.54425238834508,4.45389662353308
271,3,devalued,5.35411699445329,4.16816474895652,2.95950383476843,-1.18595224549677,0.274304090007539,4.54425238834508,4.45389662353308
271,3,baseline,0,0,0,0,0.274304090007539,4.54425238834508,4.45389662353308
272,3,valued,4.31697385416997,3.09572814102431,2.65195247446631,-1.22124571314566,-0.292503388088467,4.07173729181164,4.03928298022946
272,3,devalued,4.00929315877593,3.08055083371873,2.76460340581885,-0.928742325057193,-0.292503388088467,4.07173729181164,4.03928298022946
272,3,baseline,0,0,0,0,-0.292503388088467,4.07173729181164,4.03928298022946
275,3,valued,0.05833299474365,1.51733291323051,1.93799395066303,1.45899991848686,0.76746063538822,3.11537395783128,3.17782248897122
275,3,devalued,0.0250109979668954,0.716550281065533,1.44697558957994,0.691539283098637,0.76746063538822,3.11537395783128,3.17782248897122
275,3,baseline,0,0,0,0,0.76746063538822,3.11537395783128,3.17782248897122
276,3,valued,4.2335687408289,2.45432498787953,3.64580073212512,-1.77924375294937,2.66447402319444,4.76696340967899,4.77361366948663
276,3,devalued,4.49383925177263,0.0501214756288171,0.0501351570868667,-4.44371777614381,2.66447402319444,4.76696340967899,4.77361366948663
276,3,baseline,0,0,0,0,2.66447402319444,4.76696340967899,4.77361366948663
277,3,valued,3.06197626959671,5.31135029713875,5.30753770162637,2.24937402754204,2.22463735968498,4.38962027731318,4.52357549288498
277,3,devalued,2.95261911483023,2.97735578268729,2.79540233013434,0.0247366678570566,2.22463735968498,4.38962027731318,4.52357549288498
277,3,baseline,0,0,0,0,2.22463735968498,4.38962027731318,4.52357549288498
278,3,valued,4.59841807572275,2.6284559100354,3.1658635041513,-1.96996216568735,-1.54738482045345,4.07205965677794,4.29792573991995
278,3,devalued,2.57780852878134,2.15523118354744,1.95839187518933,-0.4225773452339,-1.54738482045345,4.07205965677794,4.29792573991995
278,3,baseline,0,0,0,0,-1.54738482045345,4.07205965677794,4.29792573991995
280,3,valued,4.47071466087121,0,0,-4.47071466087121,0.0250527683652564,4.31568726223215,4.29976875302867
280,3,devalued,4.49576742923647,0,0,-4.49576742923647,0.0250527683652564,4.31568726223215,4.29976875302867
280,3,baseline,0,0,0,0,0.0250527683652564,4.31568726223215,4.29976875302867
281,3,valued,4.01547219589254,3.9651854282949,3.55905867396115,-0.0502867675976346,0.361870261867981,3.98004836287555,3.98170181345855
281,3,devalued,4.13542460686948,3.72326757740386,3.66705414206173,-0.412157029465615,0.361870261867981,3.98004836287555,3.98170181345855
281,3,baseline,0,0,0,0,0.361870261867981,3.98004836287555,3.98170181345855
282,3,valued,3.81238592432235,3.9460792211894,4.20815600180537,0.133693296867047,-0.531782042018528,2.88080572010811,3.06082340870851
282,3,devalued,3.29394994303846,3.95942528192403,3.51112172894198,0.665475338885575,-0.531782042018528,2.88080572010811,3.06082340870851
282,3,baseline,0,0,0,0,-0.531782042018528,2.88080572010811,3.06082340870851
283,3,valued,2.96569241158648,4.13497900400564,3.41835767038632,1.16928659241916,-0.0287210641642575,3.92704723337664,3.94279857004715
283,3,devalued,2.9507532202245,4.14876087680792,2.37033003079931,1.19800765658342,-0.0287210641642575,3.92704723337664,3.94279857004715
283,3,baseline,0,0,0,0,-0.0287210641642575,3.92704723337664,3.94279857004715
284,3,valued,2.92331509337464,0.448501104096098,0.0667059848761361,-2.47481398927854,0.696880389332584,2.40804760563551,2.32640132904831
284,3,devalued,3.22172009440983,0.0500257157986988,0.0166888245525358,-3.17169437861113,0.696880389332584,2.40804760563551,2.32640132904831
284,3,baseline,0,0,0,0,0.696880389332584,2.40804760563551,2.32640132904831
285,3,valued,4.44181049201105,5.05500750997224,4.14782553456092,0.613197017961195,-0.0486438405723808,4.38225336332469,4.32847402909336
285,3,devalued,4.74380515125273,5.40564600978631,0.83836085032426,0.661840858533576,-0.0486438405723808,4.38225336332469,4.32847402909336
285,3,baseline,0,0,0,0,-0.0486438405723808,4.38225336332469,4.32847402909336
